lon,lat,region_id,region_name
44.5,39.5,1,region_001
44.5,38.5,2,region_002
45.5,38.5,3,region_003
45.5,37.5,4,region_004
45.5,36.5,5,region_005
46.5,38.5,6,region_006
46.5,37.5,7,region_007
46.5,36.5,8,region_008
46.5,35.5,9,region_009
46.5,34.5,10,region_010
46.5,33.5,11,region_011
47.5,39.5,12,region_012
47.5,38.5,13,region_013
47.5,37.5,14,region_014
47.5,36.5,15,region_015
47.5,35.5,16,region_016
47.5,34.5,17,region_017
47.5,33.5,18,region_018
47.5,32.5,19,region_019
48.5,38.5,20,region_020
48.5,37.5,21,region_021
48.5,36.5,22,region_022
48.5,35.5,23,region_023
48.5,34.5,24,region_024
48.5,33.5,25,region_025
48.5,32.5,26,region_026
48.5,31.5,27,region_027
48.5,30.5,28,region_028
49.5,36.5,29,region_029
49.5,35.5,30,region_030
49.5,34.5,31,region_031
49.5,33.5,32,region_032
49.5,32.5,33,region_033
49.5,31.5,34,region_034
49.5,30.5,35,region_035
50.5,36.5,36,region_036
50.5,35.5,37,region_037
50.5,34.5,38,region_038
50.5,33.5,39,region_039
50.5,32.5,40,region_040
50.5,31.5,41,region_041
50.5,30.5,42,region_042
51.5,36.5,43,region_043
51.5,35.5,44,region_044
51.5,34.5,45,region_045
51.5,33.5,46,region_046
51.5,32.5,47,region_047
51.5,31.5,48,region_048
51.5,30.5,49,region_049
51.5,29.5,50,region_050
51.5,28.5,51,region_051
52.5,36.5,52,region_052
52.5,35.5,53,region_053
52.5,34.5,54,region_054
52.5,33.5,55,region_055
52.5,32.5,56,region_056
52.5,31.5,57,region_057
52.5,30.5,58,region_058
52.5,29.5,59,region_059
52.5,28.5,60,region_060
53.5,36.5,61,region_061
53.5,35.5,62,region_062
53.5,34.5,63,region_063
53.5,33.5,64,region_064
53.5,32.5,65,region_065
53.5,31.5,66,region_066
53.5,30.5,67,region_067
53.5,29.5,68,region_068
53.5,28.5,69,region_069
53.5,27.5,70,region_070
54.5,36.5,71,region_071
54.5,35.5,72,region_072
54.5,34.5,73,region_073
54.5,33.5,74,region_074
54.5,32.5,75,region_075
54.5,31.5,76,region_076
54.5,30.5,77,region_077
54.5,29.5,78,region_078
54.5,28.5,79,region_079
54.5,27.5,80,region_080
55.5,37.5,81,region_081
55.5,36.5,82,region_082
55.5,35.5,83,region_083
55.5,34.5,84,region_084
55.5,33.5,85,region_085
55.5,32.5,86,region_086
55.5,31.5,87,region_087
55.5,30.5,88,region_088
55.5,29.5,89,region_089
55.5,28.5,90,region_090
55.5,27.5,91,region_091
56.5,37.5,92,region_092
56.5,36.5,93,region_093
56.5,35.5,94,region_094
56.5,34.5,95,region_095
56.5,33.5,96,region_096
56.5,32.5,97,region_097
56.5,31.5,98,region_098
56.5,30.5,99,region_099
56.5,29.5,100,region_100
56.5,28.5,101,region_101
56.5,27.5,102,region_102
57.5,37.5,103,region_103
57.5,36.5,104,region_104
57.5,35.5,105,region_105
57.5,34.5,106,region_106
57.5,33.5,107,region_107
57.5,32.5,108,region_108
57.5,31.5,109,region_109
57.5,30.5,110,region_110
57.5,29.5,111,region_111
57.5,28.5,112,region_112
57.5,27.5,113,region_113
57.5,26.5,114,region_114
58.5,37.5,115,region_115
58.5,36.5,116,region_116
58.5,35.5,117,region_117
58.5,34.5,118,region_118
58.5,33.5,119,region_119
58.5,32.5,120,region_120
58.5,31.5,121,region_121
58.5,30.5,122,region_122
58.5,29.5,123,region_123
58.5,28.5,124,region_124
58.5,27.5,125,region_125
58.5,26.5,126,region_126
59.5,36.5,127,region_127
59.5,35.5,128,region_128
59.5,34.5,129,region_129
59.5,33.5,130,region_130
59.5,32.5,131,region_131
59.5,31.5,132,region_132
59.5,30.5,133,region_133
59.5,29.5,134,region_134
59.5,28.5,135,region_135
59.5,27.5,136,region_136
59.5,26.5,137,region_137
60.5,36.5,138,region_138
60.5,35.5,139,region_139
60.5,34.5,140,region_140
60.5,33.5,141,region_141
60.5,32.5,142,region_142
60.5,31.5,143,region_143
60.5,30.5,144,region_144
60.5,29.5,145,region_145
60.5,28.5,146,region_146
60.5,27.5,147,region_147
60.5,26.5,148,region_148
60.5,25.5,149,region_149
61.5,28.5,150,region_150
61.5,27.5,151,region_151
61.5,26.5,152,region_152
61.5,25.5,153,region_153
62.5,27.5,154,region_154
