year,season,oman_sst,arabian_sea_sst,red_sea_sst,persian_gulf_sst,caspian_sea_sst,black_sea_sst,mediterranean_sst
1891,winter,23.767297744751,25.6576770676507,25.5417735841539,21.9168586730957,6.08471630389492,8.72534507513047,15.2713788368693
1892,winter,23.4603636423747,25.0919268661075,25.0903949737549,21.1418595843845,5.86418367177248,7.07514497637749,14.5633330144188
1893,winter,23.4773191240099,25.1407414542304,25.2863779067993,21.057651201884,6.65818084652226,9.05160242319107,15.1335402119662
1894,winter,22.983465745714,25.1955626010895,25.5747912194994,21.223724577162,6.950194850564,8.45424594481786,14.5538185985609
1895,winter,23.8070604960124,25.4329722457462,25.243929333157,21.5650908152263,6.5802325680852,8.04164926211039,14.6521266191855
1896,winter,24.2369121975369,25.6456989182366,25.6004123157925,22.0934818055895,7.01508308947086,9.56534642974536,14.9767095211365
1897,winter,23.5642815907796,25.2492272324032,24.6088078816732,20.5822834438748,5.96089183787505,7.11034674445788,14.231969495386
1898,winter,23.3246678670247,24.9106192058987,24.5337518586053,21.0457184049818,7.8369738360246,9.70814211169879,15.2885003491836
1899,winter,23.6277392493354,25.4533095624712,25.1595516734653,21.5891613430447,7.52397456765175,8.81076395511627,14.9754612327079
1900,winter,24.6518057081435,25.5101803408729,25.0707646475898,21.6032935248481,6.95700571934382,9.26950528224309,14.9205039104739
1901,winter,25.0425618489583,25.2634471522437,25.4361170132955,22.0123373667399,7.50079264491796,9.61566384633383,15.0126111516551
1902,winter,24.1008017645942,24.9879007339478,24.7967693010966,21.5640445285373,7.22953454529246,8.63303272922834,14.728554192174
1903,winter,24.3981565263536,24.7908839914534,24.9376600053575,21.6497869491577,7.0774226312836,8.76943196853002,14.6699039086528
1904,winter,23.3310274336073,25.3060921298133,24.5431995391846,20.47740650177,6.84462069968383,7.98958143591881,14.0256100102859
1905,winter,23.604690085517,25.6390593846639,25.2357929017809,21.0809985266792,7.43904092162847,8.88836880524953,14.5812548750662
1906,winter,24.5402288648817,25.4267568323347,25.3308430247837,21.7928258048164,6.50515285755198,7.82324878374736,14.0603703411146
1907,winter,24.1550857967801,24.9960543049706,24.8096318774753,21.3569361368815,6.71391905720035,7.71687307953834,14.5723273708446
1908,winter,23.5283539242215,25.0154405434926,25.1066042052375,21.2076569663154,6.2137521194915,6.9516284763813,13.9771362867392
1909,winter,23.9586116790771,25.3261337545183,25.2994235356649,21.9179164038764,8.03575240572294,9.40117430686951,14.789892404929
1910,winter,23.6298038906521,25.4181923601362,24.9202604823642,20.8226829104953,6.93689102927844,8.1284463306268,14.4306563381034
1911,winter,24.0831737942166,25.4592277473874,25.0716530481974,21.4348070356581,7.57952493925889,8.7574911415577,15.1468067004763
1912,winter,23.8438335418701,25.3035963641273,24.7971098687914,21.0382376776801,6.84404461706678,8.01015053192775,14.5807512235824
1913,winter,23.6890575832791,25.5651525656382,25.0313915146722,21.1453553305732,7.30045431603989,8.64292321602504,14.776185401098
1914,winter,23.9951795366075,25.3846388128069,25.4599353472392,21.1552108128866,6.78320483863354,7.26718481381734,14.2588714584994
1915,winter,24.1437922583686,25.408481280009,25.3684105343289,21.5013967090183,7.39126578097542,7.86132340629896,14.7401420659032
1916,winter,23.9951932271322,25.5166544384427,25.8622147772047,21.9172005123562,8.28216104209423,10.3417749504248,15.5450025408661
1917,winter,23.7959251403809,24.5823761092292,25.1966759893629,21.0145874023438,6.68049778416753,6.39298436045647,14.0031514752414
1918,winter,23.5520728217231,25.8533080418905,26.0742333200243,21.5660528606839,8.21034153054158,8.92255837718646,14.9364499114026
1919,winter,24.3211775037977,25.569256650077,25.1202101707458,21.0934587054782,6.95502090205749,8.00600441296895,14.5328518348635
1920,winter,24.1163103739421,24.7864850362142,25.1442991362678,21.6035437054105,5.80577276398738,7.27095424135526,14.5810380018534
1921,winter,23.9210446675619,25.4062587685055,25.4086816575792,21.4814335505168,6.86306818326314,8.23517000675202,14.7292320627819
1922,winter,23.8339681837294,25.1616469224294,25.5726516511705,21.1504418055216,6.33774960910281,7.63760788242022,14.3467392556055
1923,winter,22.972034072876,25.241831752989,25.6210529009501,21.3206963009305,7.86092374597987,9.23570740222931,14.8174793674571
1924,winter,23.2604600694445,24.9136282338036,24.9992960823907,21.04539542728,6.63161994765203,7.85093812147776,14.8173918687521
1925,winter,23.9724741193983,25.8354295359717,25.3830674489339,21.4640936321683,7.96462000409762,9.51626007755597,15.0669304785601
1926,winter,23.4700483110216,25.3415165742238,25.246532758077,21.2878332138062,7.76614571238558,9.42365443706513,15.154451191197
1927,winter,23.5403367360433,25.3758314715491,25.8683828247918,21.5885734558106,6.73860968401035,7.78383957842986,14.9136405457025
1928,winter,23.6814282735189,25.3542175822788,25.4665740331014,21.5638916227553,6.91000884771347,8.05336123208205,14.2042114424066
1929,winter,23.6337067498101,25.7374041610294,25.0881787406074,21.2657029893663,8.34746585041285,9.48610709110896,14.8759000474922
1930,winter,23.7978327009413,25.7901701132457,25.8752183384365,21.6408064100477,8.18133772412937,9.49992857376734,15.165854284133
1931,winter,24.034642622206,25.1273394160801,25.3952804141574,21.3954498502943,6.00350130101046,7.61906217535337,14.4643054593112
1932,winter,23.9620849609375,25.7662568092346,25.5775289005703,21.5488333172268,7.50994840761026,8.97418061892191,15.3400721495179
1933,winter,23.5312289767795,25.0724034574297,25.4307095739576,21.3213396072388,6.31236039598784,8.00612683097521,14.5298280935178
1934,winter,23.8521119859483,25.7382878462474,25.9276677767436,21.509831322564,7.21219841515025,8.69303540388744,14.8859887744275
1935,winter,24.0196908315023,25.7125308248732,25.752437432607,22.135078324212,8.35196219633022,10.0587033728758,15.4301550032079
1936,winter,23.9156026204427,25.8054987854428,25.2231298552619,21.3709956275092,7.29749538376927,8.55430412292481,14.9302710938728
1937,winter,23.7055675930447,25.541106806861,25.7277780638801,21.9221121470134,7.6540252144138,9.39801215132078,14.9117621151424
1938,winter,23.6933954874675,25.5010453859965,25.4545168346829,21.6093599531385,7.73353076850375,9.49332996209463,15.3122304828688
1939,winter,24.0836780124241,25.9891919294993,25.6256065898471,21.4199681811863,7.37891243398189,8.81686946749687,15.034834538383
1940,winter,24.6122839609782,25.9361280865139,26.4986900753445,22.0674002965291,7.27156190325816,8.90675212939581,14.8800797042262
1941,winter,24.7682665506999,26.2975115246243,25.1332312689887,21.19785700904,4.41930168867111,5.56811164816221,13.6212683025448
1942,winter,24.2150082906087,26.0494216018253,25.8080551359389,21.0181153615316,6.69322595993678,6.98919873436292,14.7755933502168
1943,winter,24.5346925099691,25.8445684909821,25.9970974392361,22.6519837909275,7.48588046555718,9.24622159202894,15.3398113999787
1944,winter,24.0083689371745,26.6233705414666,25.6148695415921,21.1606468624539,6.0974921323359,8.00647414724032,14.5706879535397
1945,winter,24.5210547977023,25.8494800461663,25.7009068065219,21.9702725940281,5.5962414542834,7.10558857520422,14.7509456429902
1946,winter,23.7883386823866,25.4177735646566,25.6990151935154,22.0545161565145,7.14059322203199,8.99799758195877,14.7007206902193
1947,winter,24.1457800123427,25.2695252630446,25.386302418179,21.7315105862088,8.11532882849375,9.52641652027766,15.1870786732641
1948,winter,24.3145367516412,25.5229719479879,24.8662772708469,21.2380219565498,6.6522909142077,7.68217345078786,14.8016325614462
1949,winter,23.6717964596219,25.365490436554,24.6631808810764,20.6868370903863,7.76697800308465,9.07168387373289,14.9397667870211
1950,winter,23.0978503333198,24.9912282625834,25.4373567899068,21.5457257164849,8.59282493839661,9.72016082207361,15.2408585201278
1951,winter,23.8168334960938,25.7968025472429,25.0853180885315,20.9634227752686,7.40219432612259,8.42549045880636,14.7772317681733
1952,winter,24.0218172709147,25.7134278350406,26.0782665676541,22.0875108506944,7.17607985561094,9.19578920801481,14.8449147304813
1953,winter,24.5102924770779,25.7287381225162,25.3349310027228,21.4064288669163,5.96772423634926,7.12003401915232,14.6102858521472
1954,winter,24.0843054877387,25.3543380366431,25.6646922429403,22.154363738166,8.43876976768176,9.56194113691648,15.319595532399
1955,winter,23.9522316826714,25.3965548144446,25.5483557913039,21.5975769890679,7.43105746557315,8.50667160749435,15.1447601555864
1956,winter,23.7466629452176,25.3369183805254,25.289051161872,21.1385164260864,6.65339738130569,7.4912939965725,14.5985655437484
1957,winter,24.56418961419,25.9567999574873,25.5271838506063,21.7429892222087,7.05555413415035,8.66000722845395,14.8464323332483
1958,winter,24.235035832723,25.7049899101257,25.2103162341648,21.4378266864353,7.76497604449591,8.84464703003565,15.08669739208
1959,winter,24.2363468594021,25.5262373818291,25.4051018291049,21.8956478966607,7.25069456050793,8.67362392942111,14.7385184847075
1960,winter,24.4261735280355,25.9436263243357,25.7456841468811,22.1181344985962,8.36708767215412,10.2362176974615,15.5437116184454
1961,winter,23.8269757588705,25.6237689918942,25.1792300012377,21.3128872977363,7.8501834149162,9.36214182774226,15.4479746909891
1962,winter,24.2902918497722,25.8230070802901,26.0168325636122,22.2673030429416,7.84055374190211,9.9670158425967,15.1695145464492
1963,winter,24.1676116095649,26.1092171139187,25.7361468209161,21.5925264358521,6.67588445544243,8.07674672206243,15.1883672937123
1964,winter,24.0927634345161,25.3677086035411,24.8997058338589,21.1485684712728,7.11865766098103,8.81248984734217,14.9524161075724
1965,winter,24.3294032202827,25.982902765274,25.5816567738851,22.0106030570136,8.29013589521249,9.47478840748469,15.119055495865
1966,winter,23.7940501742893,25.1906728214688,25.4396348529392,21.9872026443481,8.05162387217085,9.79522214333217,15.0200203278056
1967,winter,23.8218204074436,25.4287603696187,25.3460635079278,21.4969520568848,7.92266059418519,8.87483030557633,14.983568692116
1968,winter,24.2468641916911,26.1448026763068,26.0417923397488,22.1491514841715,7.4271629601717,8.46688546737035,14.9678816028025
1969,winter,24.8300117492676,26.185286892785,26.1180053287082,22.3480479982164,8.19914333770673,9.67556303739548,15.0095519763757
1970,winter,24.3793286641439,25.5636177327898,25.9509840011597,22.541124343872,7.43237249553204,8.97750787933668,15.2169491486531
1971,winter,24.2156516604953,25.9448478751712,25.5504284964667,21.2218162748549,7.02328782776991,8.37525448203087,14.5838397636267
1972,winter,24.2098443349203,26.038016266293,25.463708029853,22.0051889419556,6.6585561943551,8.40873646736145,14.8401018266934
1973,winter,24.1378103468153,25.5162613391876,25.4441362486945,21.6405548519559,6.89596683283647,8.11207528909048,14.5679732172882
1974,winter,23.8421649509006,25.8157144122654,25.0379019843208,21.4638226826986,7.66795682162047,9.38390346368153,15.0407804255285
1975,winter,24.1508599599202,25.5988376935323,25.1845598750644,21.1396052042643,6.82503411173821,8.29498305916786,14.7394991633536
1976,winter,24.5346597459581,25.8416519959768,25.2856401337518,21.5820004145304,6.63432721421123,8.55268858869871,14.8440268067108
1977,winter,24.7852403428819,26.1869847774506,25.283768441942,21.7952187856039,6.5068721473217,8.21086178223292,14.824497628486
1978,winter,24.2099332173665,26.0313577651978,25.1251617537604,21.9944319195217,7.21262270212173,8.65565039714178,14.8543734513937
1979,winter,24.67947201199,25.9798072179159,25.2912173800998,22.3871172799004,7.42523267741005,9.00188890099525,14.8237873567018
1980,winter,24.3975427415636,26.0323756535848,25.4173377884759,21.6281157599555,7.80099178105592,9.42987867196401,14.5822923667586
1981,winter,24.2140031178792,25.96132323477,25.4028069178263,22.2024127112495,7.4958610634009,8.945735146602,14.8980318230231
1982,winter,24.0048229641385,26.1337770091163,24.5114733907912,20.7841197119819,7.62887545675039,9.1498508155346,14.8465515114795
1983,winter,23.8275341457791,25.4640330473582,25.2300210528903,21.7956341637506,7.44988193362951,9.08532149593035,14.7942661252515
1984,winter,24.1124045477973,25.8354200522105,25.4020552105374,21.7785269419352,6.69930641228954,8.59861825903257,14.9473514209762
1985,winter,24.1692806243897,25.6076368755764,25.1513531472948,21.6172519259983,6.74508062253395,8.59510446588199,14.9432762536966
1986,winter,24.1117024315728,25.8779035939111,25.3028548558553,21.7456675635444,6.16412535806498,7.607192248106,14.5627018391401
1987,winter,25.0579182518853,26.387567864524,25.4878806538052,22.2006027433607,6.52467556546132,8.01218928893407,14.9915527457022
1988,winter,24.6622396681044,25.8055638472239,24.8409620390998,21.2265170415243,5.50498531013727,7.11660068233808,14.4002195135387
1989,winter,24.719858678182,26.4555949899885,25.2885494232178,21.5129540761312,6.14479089155794,7.67843494812648,15.0637831907163
1990,winter,24.4395809173584,26.214026371638,25.9991232554118,22.1804394192166,6.68764868626993,8.7750833829244,14.9091040421263
1991,winter,24.1537978702121,25.9931577046712,24.8686476283603,21.1668036778768,6.62237560003996,7.86452229817708,14.355285900306
1992,winter,24.761083094279,26.181333594852,25.0404524803161,21.2923487557305,6.87349109351635,7.75211190183957,14.6563564771893
1993,winter,24.7970732794868,26.0114354027642,26.1768717765808,22.2979135513306,6.87684001276891,7.65977784991264,14.7186541118841
1994,winter,24.544590250651,25.8777130444845,25.0697229173448,21.7950710720486,7.80294178426266,8.67276315887769,15.0837882688676
1995,winter,24.3970428890652,26.0716584788428,25.3851324717204,21.9366909662883,7.44114815692108,7.98763395349185,14.8288058193251
1996,winter,23.8863724602593,25.516215801239,25.2403988308377,21.8448567920261,7.94087155163288,9.27935082713763,15.0396456042469
1997,winter,24.8792971716987,26.6249246067471,25.6999390390184,22.1096613142226,7.55922702451547,8.54606331388155,15.0496380941165
1998,winter,24.8584481133355,26.0405908690559,26.4470364782545,22.9843701256646,7.78500891973575,8.92681731780371,14.899121036018
1999,winter,24.6080183241103,26.2141954369015,26.01784435908,21.7565297020806,7.37053913374742,8.44814284642538,14.9078351693135
2000,winter,24.4713970184326,25.5331773493025,25.4762122895983,21.6938341988458,8.65507101515929,9.73147678375244,15.6268572222684
2001,winter,25.1567727830675,26.1694729593065,25.8002546628316,22.2034222284953,6.60512482623259,8.04782428344091,14.7953298776999
2002,winter,24.6504344940186,26.5049957169427,25.9227204322815,21.7887705696954,7.70259258896113,8.77410521109899,15.0826293737039
2003,winter,24.3857037862142,26.2469143602583,25.5670019785563,21.3421829011705,7.35315048446258,8.59557942549388,14.8717349918409
2004,winter,24.6433127085368,25.9990939034356,25.4213745858934,21.4798192977905,7.33577698344986,8.76126462221146,15.0026826127736
2005,winter,24.5409948984782,26.0758643680149,26.0100081761678,21.8357109493679,7.53079707423846,8.61631894111633,14.7288533261909
2006,winter,24.6137765672472,26.489321258333,25.3541501892937,21.1459928088718,8.34199612836043,8.99918268124263,15.4819899025548
2007,winter,24.313534673055,25.9870295789507,25.3963509665595,21.4583873748779,7.8611102749904,8.80270186066628,14.9462106584132
2008,winter,24.9763061099582,25.8207414944967,25.8536513646444,22.0525551901924,7.88323526332776,9.67440675695738,15.2597449273442
2009,winter,24.9639520009359,26.5376011795468,26.1874598397149,22.3050493664212,8.44787914057574,9.62790392835936,15.3318032286633
2010,winter,24.6228908538818,25.7800538010067,26.5003405147129,22.9961846669515,8.51072964320579,9.6125472287337,15.5746215696079
2011,winter,24.6858514149984,26.0248568852743,25.6097275945875,21.8349614673191,7.68665980299316,8.4929342965285,15.3462719643253
2012,winter,24.6930262671577,26.4925857914819,26.4209255642361,22.2663952509562,8.80408635735511,9.61986112594604,15.4525888432031
2013,winter,24.2385812123617,25.7810208002726,25.9658001263936,21.9302104314168,9.14229780435562,9.85210258762041,15.616537929038
2014,winter,24.5638835483127,26.155013428794,26.0902490615845,22.315922525194,9.07869327565034,9.76938729484877,15.8145199461458
2015,winter,25.1277391221788,26.8443111048804,26.0906846788194,22.3906081517538,8.69179665048917,9.50389894843102,16.0053949429158
2016,winter,24.9530882941352,26.5428433948093,26.093547185262,22.1146457460192,7.16844040279588,8.01416146755219,15.4112554309012
2017,winter,24.4957163068983,25.9883977042304,26.0291837586297,22.2916046778361,8.63197614749273,9.67360438903173,15.378778585529
2018,winter,24.8213178846571,26.5926404264238,26.3777484893799,22.5744469960531,8.52752125635744,9.46690967679024,15.6706784822018
2019,winter,24.8150789048937,26.3492587937249,25.8727519247267,22.1178801854452,9.28162056207657,9.8693786462148,15.9289044529999
2020,winter,24.7062042660183,25.9382328987122,26.1663597424825,22.445117632548,9.65406421323617,10.6812860866388,16.079501617914
2021,winter,24.4947976006402,26.2217826843262,25.8046024640401,22.1453504562378,9.05677176018556,9.45513690511386,15.3426916827644
2022,winter,24.8743636661106,26.115596930186,26.3504303826226,22.7250277201334,9.22670948008696,10.2771789530913,16.3059344328226
2023,winter,25.5568339877658,27.1992348300086,27.0458122889201,23.0728670756022,8.8159823169311,10.1470491588116,16.3380571800174
1891,spring,25.8851231469048,27.4710072146522,26.0046261681451,22.9555780622694,9.41046084091068,10.2078127066294,15.3816874913329
1892,spring,25.7708473205566,27.1720181836022,24.9107008510166,22.4594286812676,7.86773290360968,8.47757504383723,14.9088748825921
1893,spring,26.0343576219347,27.8356162707011,25.7468735906813,22.7036318249173,9.35329488913218,10.5347087283929,15.3299197639085
1894,spring,25.7705012003581,27.4941839112176,26.008936935001,22.9864542219374,9.16921256234248,10.1045115689437,15.2789713103196
1895,spring,26.0245668623183,28.0964664883084,26.0315135849847,22.8229841656155,8.30587224289775,9.60199414690336,14.8923747256341
1896,spring,26.2967008802626,27.7174446317885,25.671202606625,23.5403476291233,10.8730701903502,11.6146409114202,15.6820532663572
1897,spring,25.9218266805013,27.4783595667945,25.5077006551955,22.6662626266479,9.4410079518954,10.2418783207734,15.1923668503305
1898,spring,25.9637193891737,27.3095624181959,25.5386981434292,23.4794949425591,10.47021368891,12.0731959342957,16.0079162056875
1899,spring,26.4304174635145,28.0459343857235,26.2506709098816,23.971548822191,9.93875063086549,11.2573950787385,15.2538322123531
1900,spring,27.6306724124485,27.4597306781345,26.0608051088121,23.3382076687283,7.83280406271418,10.182631512483,15.2460318086705
1901,spring,27.2057799869114,27.6437434090508,26.1870793766446,23.4286287095812,9.30639688918988,10.3974799414476,15.2977833236314
1902,spring,26.4163949330648,27.1327189869351,25.5029929478963,23.180618180169,9.45419466743867,10.1115130285422,15.0083622439154
1903,spring,26.4806338840061,27.3735293282403,25.5527952512105,23.1482972039117,9.26265984028578,9.64879179994265,15.1723528840076
1904,spring,25.6689935048421,27.5582377380795,25.4361760351393,22.8872968885634,9.86732269699374,10.7331472237905,15.310940483064
1905,spring,25.4459011925591,27.5793584452735,25.5636439853244,22.9244798024496,10.6405655307074,11.3513448735078,15.3251710540947
1906,spring,26.7645348442925,27.6228249867757,25.7218596140544,22.9908504486084,9.68421425422033,10.0673992435137,14.6388621586036
1907,spring,25.6616273244222,27.1269138124254,25.6586860550775,23.1241962644789,9.94053792580962,9.77629327774048,15.1188415731964
1908,spring,26.1308409796821,27.3926872147454,26.4746420118544,24.0624077055189,10.0080983067552,10.2318090001742,15.2216797879829
1909,spring,25.7744425031874,27.3706088066101,25.6728335486518,22.7277034123739,10.8840380335848,10.6323340435823,14.9951341051708
1910,spring,25.608365588718,27.5086641046736,25.5636222097609,22.3405579460992,8.87518919756015,9.41462644934654,14.7347754482109
1911,spring,26.3788576338026,27.4879659546746,25.7223687171936,23.387686835395,9.36414292951425,9.85989920298259,15.299599062894
1912,spring,25.8730942196316,27.4402000109355,25.7535518540276,22.9991365008884,10.0155311947068,10.4089044729869,15.4334300194664
1913,spring,26.1780684577094,27.6318906678094,26.0136812527975,23.5691559049818,10.3880392064651,10.8485732277234,15.70003823759
1914,spring,26.4314556545681,27.7938783698612,26.210214720832,23.8372707366943,10.8205691079299,10.877976556619,15.5481119557816
1915,spring,26.5634152730306,27.3664044539134,26.6335944599576,24.2063483132256,11.0900115445256,10.8960861066977,15.830804587324
1916,spring,26.0067536671956,27.0260174274445,26.079090224372,23.2849491967095,9.18430108949543,9.3039661248525,15.6734535776336
1917,spring,26.0731168535021,27.2319937547048,25.6121098730299,22.8383799658881,9.81549395248294,10.4092389047146,15.0545658480619
1918,spring,25.8810016208225,27.6552777555254,26.1934779485067,23.5322766833835,9.48017539083957,10.1767292618752,15.0657486531926
1919,spring,26.7786969926622,27.8152078787486,25.7274458143446,23.6237134933472,11.3067873418331,11.8667441308498,16.0560477063117
1920,spring,26.7797441270616,27.7520647843679,25.8150140444438,23.047975646125,9.45215857153137,10.1221684813499,15.4085905561045
1921,spring,26.0994194878472,27.3916438155704,26.1612688170539,23.6859642664591,9.90915247052908,10.8191076815128,15.8308077954698
1922,spring,26.0335027482775,27.5959815979004,25.8923732969496,23.3221637937758,10.9552477921049,11.7087339957555,15.781900685409
1923,spring,26.6073576185438,27.8179247644213,26.2706382539537,23.7045219209459,10.1756411033372,10.9658982257048,15.8878074130793
1924,spring,26.6429504394531,27.5070411894057,26.3257134225633,23.2481199900309,9.67254657795032,10.5682414074739,15.2730465793975
1925,spring,26.1565836588542,28.0689116319021,26.3421670595805,23.6215968661838,10.3808031032483,11.1365120410919,15.6204539295357
1926,spring,25.4810426500109,27.4077254666223,25.931204477946,23.3313761817085,10.4649818390608,11.019344240427,15.887226800809
1927,spring,26.3899000379774,27.6392467816671,26.5356929567125,23.5938302146064,9.59523898114761,10.1531312962373,15.4251552797369
1928,spring,26.6337972005208,27.8396264447106,26.4727428754171,23.7121858596802,8.76665214945873,8.96713089942933,14.8912667351208
1929,spring,26.1731870015462,27.6506482495202,26.0790466732449,23.2607443067763,10.8042665918668,11.081593811512,15.6312912944633
1930,spring,26.3412244584825,28.3333501550886,26.324491765764,23.5843912760417,9.7513916194439,10.2412168780963,15.6080405173174
1931,spring,26.1084794786241,27.6022015677558,26.3110375934177,23.1998654471503,8.88535378376642,8.97728468974432,14.967007147398
1932,spring,26.4464472876655,27.9375767442915,25.9197220802307,22.9243384467231,9.23389843602975,9.61178668340048,15.2926403699707
1933,spring,26.3926182640923,27.8237234751383,26.1944372389052,23.1503235499064,10.5238262563944,11.3876749277115,15.9272055552837
1934,spring,26.0993832482232,27.9968316025204,26.4331831932068,23.5140889485677,9.54378117372593,10.3924348553022,15.2657960402098
1935,spring,26.182740105523,28.040178431405,26.6843429141575,23.8386384116279,10.7069401020805,11.4254811604818,16.0778121034761
1936,spring,25.9556459214952,27.9141841199663,26.4127154350281,23.7556705474854,11.2951312859853,11.8224686880906,16.1710451553608
1937,spring,26.5531322479248,27.7871014806959,25.8639691140917,23.298996395535,9.92920516182979,10.5749572217464,15.2838236874548
1938,spring,25.6470622168647,27.7653586864471,26.3487175305684,23.4307417339749,10.3147122077644,11.3595615029335,15.6084267773391
1939,spring,26.0367994944255,27.9441536532508,26.320908387502,23.3166293038262,9.49318987752001,9.84659547607103,15.3265214788503
1940,spring,26.9652058919271,28.3796966870626,27.0562727716234,24.209284040663,9.96851127843062,10.9761704802513,15.711407999426
1941,spring,26.9891877068414,28.1937888463338,26.4065913624234,23.6772903866238,9.02406079197923,9.93774342536926,16.3499579831558
1942,spring,26.8361397637261,28.1796824667189,25.6661105685764,23.1778875986735,8.66859870404006,9.32754988471667,15.521720475164
1943,spring,26.7827968597412,28.1434505515628,26.6537563535902,23.6521655188667,10.2952006720007,11.0320456922054,15.9118583723046
1944,spring,26.6370752122667,27.9448884328206,26.149419148763,23.9880335066054,8.87662711987893,10.1020965278149,15.9081435532406
1945,spring,26.8714662339952,28.0440554883745,26.322433312734,23.504278394911,9.11754673967759,10.1588812371095,15.9224723015709
1946,spring,26.4711503770616,28.011204957962,26.7317845556471,24.1340516408285,9.8704709932208,10.9647274712721,16.2247993187886
1947,spring,26.6907797919379,28.153966082467,25.76066743003,23.270574675666,9.70426155875127,10.3682665228844,15.6794905753885
1948,spring,26.6564560784234,27.8417579597897,25.7279885080125,23.0354439417521,8.90988071014485,9.41197313865026,15.1133556932325
1949,spring,26.009554248386,27.5154139730666,25.8693567381965,23.247794787089,10.0801468888919,10.537999411424,15.7518550719338
1950,spring,25.9668064541287,27.8292895952861,26.4884365929498,23.5896056493123,11.3220109517376,11.7591340939204,15.9609960651032
1951,spring,26.6269485049778,28.1133745511373,26.2057828903198,23.5790096918742,9.9474373360475,10.6797333757083,15.9983803796585
1952,spring,26.8132941351997,28.1205990579393,26.5947358343336,23.8414290746053,9.44424998387694,10.3068935175737,15.7758483283821
1953,spring,26.6140800052219,28.1087187131246,26.7684459686279,23.6171376970079,9.03533452749253,9.79808310667674,15.2963479670528
1954,spring,26.2527500576443,27.5566478305393,26.3910820749071,23.8811732398139,9.74442871535817,10.7955223123233,16.0210841935256
1955,spring,26.4664379543728,27.8057697084215,26.0859699249268,23.0886818567912,9.18203307688236,9.99259679516156,15.3035849574882
1956,spring,25.8186908721924,27.8841091526879,26.3443343904283,23.5195412105984,10.3124175096552,10.3683343231678,15.7137322864313
1957,spring,26.9825008392334,28.05760245853,26.8091857168409,24.6240059534709,9.84473027661443,10.7764577865601,15.7412691573074
1958,spring,27.0775530921088,28.077278190189,26.0051899486118,23.6142445670234,9.2211144976318,10.7126388251781,15.9644899751948
1959,spring,26.5593460083008,28.0629112985399,26.5130505561829,24.0197891659207,9.85936488583684,10.7215321362019,15.7876312230282
1960,spring,26.7469735887316,28.1923887729645,26.1912446022034,23.8543382220798,10.1697701389591,11.3023656109969,16.3239146959736
1961,spring,26.6190368652344,28.0974114206102,26.5442870987786,23.930048306783,9.47957737371326,11.0355601509412,15.9321371129646
1962,spring,26.919331741333,28.3679087426927,26.6190716425578,23.7638040118748,9.76114892214537,11.1638603011767,15.7117124024022
1963,spring,26.8751301659478,28.3821881082323,26.276651011573,23.8873131010267,8.65356582403184,9.89833533763886,15.7799625780391
1964,spring,26.1279796176487,27.7696594132318,25.8714752197266,23.268397225274,9.31769240150849,10.3043942650159,15.329474335886
1965,spring,26.3289225684272,27.9070301320818,26.2406829198201,23.9458756976658,11.3857333560785,11.7534124155839,16.060045269714
1966,spring,26.5903863694933,27.9995194541084,25.8113620546129,23.2386876212226,10.0906038259466,11.0401051342487,15.6938031916417
1967,spring,25.9595105489095,27.8006641334958,26.1193635728624,23.5440364413791,10.7537713845571,12.1079612572988,16.3205559445524
1968,spring,27.027262878418,28.761804262797,27.1512899398804,24.2942947811551,8.95629515250524,10.1010399659475,15.6588499500377
1969,spring,27.052442296346,28.4972308741675,26.5699876149495,23.9499016867744,10.12118503203,11.4632961849372,15.6269952931167
1970,spring,26.7697720421685,28.0717331038581,26.5680662261115,23.9042213228014,10.9982157945633,11.3985010882219,15.8320596318592
1971,spring,26.099857796563,28.0869958665636,26.2805568906996,23.3120417065091,11.6390415231387,11.5898021757603,15.6791364498065
1972,spring,26.6417875501845,28.3516940805647,26.5808242162069,23.9034978018867,10.6776672899723,11.3025643328826,15.4470230610435
1973,spring,26.6816784328885,28.1264652411143,26.802758746677,23.7642646365696,8.74867461125057,9.91862326860427,15.4003046061344
1974,spring,25.6750911712646,27.6218991809421,25.3543034659492,22.776501443651,11.2898861219486,11.9127519726753,15.600142617792
1975,spring,26.2945931328667,28.0548531214396,26.2546847131517,23.1882562637329,9.11512032647928,10.3045093119144,15.4434216561445
1976,spring,27.1837177700467,28.321503215366,26.3387910525004,23.842870288425,9.86544090757768,11.1407489776611,15.8502709253538
1977,spring,26.5647327846951,28.2218869792091,26.4197617106967,23.7017772462633,9.42749282593528,10.9590531090895,15.5623346105846
1978,spring,26.4001005808512,28.2952553166284,26.4486736721463,23.9132680892944,9.8802616223693,11.041334549586,15.8412624318938
1979,spring,27.1369394938151,28.3657310803731,26.5039637883504,23.7777208752102,9.31782536705336,10.3119278947512,15.143757937055
1980,spring,26.9928852929009,28.5188266436259,26.3478521770901,23.5465821160211,9.12504495183628,10.6932645837466,15.6618914658996
1981,spring,26.316763220893,28.4652042124006,26.0792200300429,23.5071383582221,9.09286719188094,10.4947597980499,15.5389498915252
1982,spring,25.8764212290446,28.4958535035451,25.6376412709554,23.0972628063626,10.2768488439421,11.3900952339172,15.8701000049197
1983,spring,26.7835915035672,27.9188081688351,26.2682615915934,23.5734053717719,9.35807451109091,10.9865428209305,15.4278898604528
1984,spring,26.7172167036269,28.1595383220249,26.4477733506097,23.8059493170844,8.91390124460061,9.85649467507999,15.5124137008784
1985,spring,26.8130435519748,28.3869189951155,26.4788215425279,23.8157386779785,9.61096564431986,10.7679670850436,15.9118358513405
1986,spring,26.8333332909478,28.2690556844075,26.1601566738552,23.6545357174343,9.34234624604383,9.30849671363831,14.9031887255409
1987,spring,27.1678301493327,28.5920128822327,26.6066097153558,24.0762742360433,10.2341240420937,10.8968328237533,15.8342887980728
1988,spring,26.3721265157064,27.996831840939,25.9086725446913,23.4259667926364,10.8246465871731,11.532045096159,15.861795184256
1989,spring,26.7316223992242,28.6092717382643,25.9722344610426,23.5156226687961,9.78862968832254,10.9652489125729,16.2302913665772
1990,spring,26.6103146447076,28.8140541712443,26.6589669651455,23.4949924680922,9.10553022970757,10.0728638470173,15.4241003898825
1991,spring,26.1864176008436,28.0336616569095,25.4382575352987,22.7409939236111,9.1202423349023,9.47038606802623,15.1693623495285
1992,spring,26.631206173367,28.1103735764821,25.9982424312168,23.3444825278388,9.54233155772091,9.62899329264959,15.3527576640191
1993,spring,27.105530251397,28.3428497314453,26.7401353518168,23.9394639333089,10.0275634862483,10.0461712479591,15.7353191375733
1994,spring,26.4408067915175,28.3316593964895,26.1977291107178,23.4938180711535,10.9605785782139,11.1554271578789,15.7244859344658
1995,spring,26.8845085567898,28.3914140330421,26.4680651028951,23.9540990193685,9.4855360587438,9.70759596427282,15.6864480826133
1996,spring,26.4126984066433,28.3330387539334,25.7038505342272,23.1713052325778,9.91248051822185,9.85947766900063,15.5493987748449
1997,spring,27.0080192565918,29.1426624457041,26.2468035486009,23.6652028825548,10.5488374729951,11.0978677074114,15.7879539851485
1998,spring,27.0408314175076,28.1365998321109,26.5976201693217,24.4550485610962,11.0339667523901,11.7255239685377,16.2893999764746
1999,spring,26.850602722168,28.4427893161774,26.4671192699008,23.6087359322442,10.9301478837927,11.6061328252157,16.276666562676
2000,spring,26.8728174845378,28.3034736315409,27.0784622828166,24.695927090115,11.2532329857349,11.5979852875074,16.4062169539061
2001,spring,27.1814498901367,28.3423932128483,26.7169658342997,24.0357169045343,10.182284877946,11.3420772155126,16.0838279504886
2002,spring,27.24095831977,28.8946596251594,26.6537240876092,23.8519819047716,10.2390717044473,10.7684936225414,16.0405224712416
2003,spring,27.1339210086399,28.3665563795302,26.8216067949931,23.6009518305461,9.74405319988728,10.0830391148726,15.4701829358536
2004,spring,26.9207843780518,28.6930318143633,26.3947866227892,23.4755555258857,9.72683239231507,10.4262672265371,15.7105746945202
2005,spring,27.0151767730713,28.3083428806729,26.8084432813856,24.038036134508,10.1061927688618,10.4548476040363,15.9842714039302
2006,spring,27.2383710225423,28.9363282521566,26.5854463577271,23.3001935746935,10.6661103566488,10.990000685056,16.4726157919201
2007,spring,26.995890935262,28.0119835800595,26.4290762477451,23.7163902918498,11.2862398723761,11.5138567487399,16.0830386041225
2008,spring,27.1357391357422,28.4129985703362,26.2118224038018,23.7804929945204,10.7855747640133,11.395716458559,16.0252798581032
2009,spring,27.8469255659315,29.1003710693783,27.3594437705146,24.5454720391168,11.1828430071473,11.7643749117851,16.431217701499
2010,spring,27.0528330908881,27.9815247323778,26.2526105244954,24.3622422748142,11.2108490591248,11.434934993585,16.3984587768029
2011,spring,26.3929983350966,28.0287310282389,26.3115274641249,23.5994753307766,10.8829523039361,10.9838562409083,16.1827510947012
2012,spring,26.9625453525119,28.6446216636234,26.8803483645121,23.8748324712118,11.4952864398559,12.0513447125753,16.3880448907728
2013,spring,26.9167385525174,28.2796442243788,26.8545357386271,24.2102584838867,12.0759898225466,12.1409969727198,16.4646525730118
2014,spring,27.385629442003,28.731711573071,26.5050756136577,24.125722779168,12.4766112864017,12.13676182429,16.562036766403
2015,spring,27.8462825775147,29.2630974186791,27.7338904274835,24.7652677959866,11.9826000730197,12.187619249026,16.7573026861724
2016,spring,27.5696547190348,28.6632002459632,26.7308315700955,24.2746810913086,10.4545468216141,10.7773293554783,16.478627108066
2017,spring,27.575387318929,28.7860667705536,27.5175332493252,24.8796935611301,12.2445573608081,12.626915127039,16.9522194021963
2018,spring,26.8923397064209,28.8472248713175,26.4624552726746,23.6355098088582,11.2641650512814,11.1716247002284,16.0221262855091
2019,spring,27.3345305548774,28.8961073292626,26.2992410129971,23.822730700175,11.4923869818449,11.1956584652265,16.545426193325
2020,spring,27.861370976766,28.4840994146135,26.9554455015394,24.6067765553792,11.0300077224771,11.2356840272745,16.4558310033718
2021,spring,27.9063036176893,28.5423703723484,26.6989807552761,24.2858497831557,11.0186710357666,10.8853681186835,16.0243950529573
2022,spring,27.8308585272895,28.9665286011166,27.17854780621,24.6914196014404,11.4073059459527,11.4107129275799,16.5055220282398
2023,spring,27.4348745981852,29.4793767399258,26.7235888904995,24.0686176088121,11.9739080518484,12.8275762001673,17.2398356624033
1891,summer,27.7704304589166,26.2414220174154,28.9501097467211,30.8120529386733,22.0680510203044,21.288227001826,23.2764572932802
1892,summer,27.9803703308106,26.1614610354106,29.091554429796,31.2165671454536,20.5137242078781,21.3673358758291,23.3331799708107
1893,summer,27.79264793396,26.1853958500756,28.9510766135322,30.1289749145508,20.209225277106,21.0791842142741,22.798449242252
1894,summer,27.8579554239909,26.2671569718255,28.9751523865594,30.4864252938165,21.6112024784088,22.0157060623169,23.3376279809009
1895,summer,27.1099002414279,26.6021612750159,29.5381602711148,30.344492594401,21.6501576900482,22.0927965243658,22.7891997706388
1896,summer,28.3449384477403,27.075563510259,29.2205541928609,30.9561655256483,22.506748398145,22.5809910297394,23.527856885245
1897,summer,27.7569617801242,26.010498073366,28.8051591979133,30.6037889056736,21.5501881440481,22.3324945370356,23.0305400205298
1898,summer,27.7615044063992,26.1158814430237,29.2881191571553,30.5781963136461,20.5940483808517,20.8268243471782,22.8237094586836
1899,summer,28.2060782962375,27.1091718143887,29.240749835968,30.9259866078695,24.6089893182119,24.803015033404,23.7544565310423
1900,summer,28.0396116044786,26.3784390820397,29.2386266920302,30.8153103722466,22.5423297087352,23.1630149284999,23.5438496527544
1901,summer,28.9985346052382,26.7830346955193,29.1032501326667,30.624282307095,22.9980061848958,22.5044771432877,22.8833031197617
1902,summer,28.0292773776584,26.6897966066996,28.5951692793104,29.9227641423543,23.0481066703796,21.9588974316915,22.484404940258
1903,summer,28.1245624118381,26.294064866172,28.7204320165846,30.6571322547065,22.519973953565,21.2169957558314,23.6354406948747
1904,summer,28.5624564276801,27.0375264485677,29.5648578537835,30.9291705025567,22.3211177587509,22.4195510149002,23.5676480143463
1905,summer,27.9938139597575,26.700466632843,29.138273662991,30.9112268024021,23.2024366855621,22.618976354599,23.3505545941349
1906,summer,28.1810809665256,26.2827925417158,29.2778022554186,30.9850098292033,23.8563052415848,22.4801028966904,23.0962647551321
1907,summer,27.735206688775,26.3157286908892,29.117505868276,30.8768661287096,23.4801033735275,22.3392130533854,23.1915069521615
1908,summer,27.8983810000949,26.1345239215427,29.7622794045342,30.8447479671902,23.0481232007345,22.4053273598353,22.7480306223435
1909,summer,27.9807172563341,26.3893808523814,29.2065791024102,30.4244594573975,22.9956145683924,22.1030437151591,22.7360881863883
1910,summer,27.7341970231798,26.2902338239882,28.7478585773044,30.5139344533285,22.5443778832754,21.635015130043,23.2477720341007
1911,summer,28.2499583350288,26.7243140008715,29.3478113810221,30.2882752948337,21.7452752987544,21.2359441121419,22.7937743453687
1912,summer,28.0937119801839,26.4172737863329,28.5471501350403,29.766271909078,21.7166333993276,21.4674919446309,22.3862050301271
1913,summer,28.1921275244819,26.9075478712718,28.9454083972507,30.0336366229587,22.7330687046051,22.2227263847987,22.4871295768182
1914,summer,28.6185997856988,27.1551960309347,29.8773147265116,31.438823805915,22.5618755817413,22.3676591714223,23.6410878207035
1915,summer,28.6973227183024,26.547440316942,30.1169306437175,31.7169466018677,23.3411747217178,22.2593332926432,23.5506729842146
1916,summer,28.8088402218289,26.7487120893267,29.0253406630622,31.1163188086616,20.7080003817876,20.9849716822306,23.9578008980587
1917,summer,27.4311481899685,26.0403529273139,28.5552334255642,30.4854367574056,23.997104883194,23.2621647516886,22.8018158879773
1918,summer,27.5498984018962,26.3032646179199,28.6435182889303,30.0988387001885,22.4833962519964,21.8417389392853,23.0258078520325
1919,summer,27.9152943929037,26.6978386243184,29.5965100924174,31.2672265370687,24.1389285326004,23.7168410221736,23.9782187509354
1920,summer,27.9164193471273,26.255217022366,29.4097961849637,30.6312361823188,21.8481162786484,21.1434721946716,23.1392860997226
1921,summer,28.101794052124,26.3782269954681,29.7852407561408,31.3467181523641,23.1481912533442,22.924714922905,23.8174787060968
1922,summer,27.8859820895725,26.567956633038,29.434620751275,30.4477536943223,23.4694034258525,22.329812725385,23.269974522207
1923,summer,28.201118765937,26.9768382178413,29.9924438264635,31.0589269002279,23.6632477839788,22.6231580177943,23.6665710361525
1924,summer,27.8455612606472,26.5834764904446,29.5161619716221,30.0036253399319,21.4471816221873,21.4326618512472,22.9900654467586
1925,summer,28.7266960567898,27.2867068449656,29.5910533269246,30.5758814281888,21.9398957490921,22.1418474912643,22.5999009362583
1926,summer,28.160356648763,26.5213344362047,29.8985469606188,31.4321513705783,23.22012758255,22.9044351180395,24.1538509500438
1927,summer,28.2581859164768,26.7076033221351,30.0237824122111,31.5457673602634,23.8819464445114,22.050212542216,24.0124179942398
1928,summer,28.0043375651042,26.5823316574097,29.5488658481174,30.9658309088813,23.5890813271205,22.1253962516785,23.6669431518321
1929,summer,27.9792215135362,26.4659530321757,29.7006554073758,30.9201522403293,22.4529552857081,22.140150308609,23.6451762919225
1930,summer,28.7608727349175,27.2427449226379,30.1276983155145,31.5506183836195,23.5895759661992,23.2518679300944,24.3209503875382
1931,summer,28.4325547112359,26.8947551250458,29.5184297561645,30.3517334196303,22.4098411401113,21.8854456742605,23.0301344056696
1932,summer,28.2815903981527,26.580087767707,29.4219374656677,30.5137304729886,22.1285460392634,21.1154791514079,22.7314163514938
1933,summer,28.3827465057373,26.9181227684021,29.8190644582113,30.7665068308513,22.9813456535339,22.6197753747304,23.7798097763938
1934,summer,28.5814970228407,26.7315966553158,29.9682688713074,31.4455143610636,22.5503524144491,22.3204588890076,23.8454163430751
1935,summer,28.3947899712457,27.0440274874369,29.8805540932549,30.6677360534668,23.5830649932226,23.3695409695308,23.597293744142
1936,summer,28.1762921227349,26.8165277375115,29.6464373270671,31.3967123031616,23.4056367874145,23.4578696886699,24.228994990674
1937,summer,28.3400792015923,26.4811276064979,29.7017443974813,31.444381819831,23.8262192408244,23.5618404547373,24.0716363899553
1938,summer,28.088850318061,26.9965136580997,30.0758379300435,30.9312957127889,23.48450700442,22.9677425225576,23.399105773575
1939,summer,28.3302994198269,27.661949608061,30.2059602207608,30.7680678897434,23.5393975575765,22.846909681956,22.9956567990826
1940,summer,29.141583802965,28.0370049211714,30.6219784418742,31.5837605794271,22.6665691137314,22.4419947862625,23.3612725926542
1941,summer,28.9821173773872,27.1580441262987,30.4959389898512,31.9646417829726,23.2624512116114,24.0960778395335,24.3070056155267
1942,summer,28.8144418928358,26.8447690010071,29.1100685861376,30.0450005001492,21.211594581604,21.1024998029073,23.4563680188409
1943,summer,28.7464478810628,27.1268932819366,29.6578566763136,31.3089786105686,23.1834479570389,22.4010698397954,23.5745786908029
1944,summer,28.5750392066108,27.4337758753035,30.1425342559815,31.5043123033312,22.2363517284393,23.1840153137843,24.5248717457855
1945,summer,28.5790499793159,26.8757273885939,29.960208468967,31.2196745342679,22.9391104777654,23.7338047424952,24.3731482640994
1946,summer,28.6956004248725,26.8852384355333,29.6741020414564,31.3338364495171,22.4870805740356,23.0548146565755,24.6270417253633
1947,summer,28.4711582183838,27.1421611573961,29.5622435145908,30.9307854970296,23.0454274018606,22.1703790823619,23.1336616939969
1948,summer,28.8761092715793,26.9660312864516,29.4844420750936,30.7217054367065,21.2263596455256,20.8010206619898,23.1499886859879
1949,summer,28.0902737087674,26.6468481222788,29.6307574907939,30.84996509552,21.4523008267085,21.7900231679281,24.249972142479
1950,summer,28.5735972510444,27.0792101224264,29.692266676161,31.1242190466987,22.6646965742111,22.8096137046814,23.8598624335395
1951,summer,28.4863602956136,26.9539544317458,29.6710761917962,31.1350009706285,22.5820670127869,21.422634601593,24.2591449986016
1952,summer,28.7063434176975,27.0961123042636,30.3534719149272,31.2855076260037,22.8558164437612,22.7751249869664,23.7131049496004
1953,summer,28.496588812934,26.8359755674998,30.4241527981228,31.3800510830349,23.2676818370819,23.5305161078771,23.6833546517909
1954,summer,28.3500031365289,26.6835292445289,29.8478295008341,31.3136186599731,21.319505850474,22.1550410985947,23.8436592730526
1955,summer,28.0783947838677,26.4155960877736,29.7931616041395,30.7695748011271,22.4043826262156,21.7956527471542,23.1617276714223
1956,summer,28.5381560431586,27.2191207938724,29.9940479596456,31.4238540861342,22.6917139689128,22.5501537322998,23.3652907842877
1957,summer,29.0804579840766,27.4378851519691,30.2183085547553,31.4838794072469,21.9321475426356,21.8521569569906,23.5230700832674
1958,summer,28.661194229126,27.0180142455631,29.7055976125929,31.3121743732029,22.9654069741567,22.8270280361176,23.7238407573481
1959,summer,29.0294376373291,26.9175956779056,29.7515581448873,31.7917150921292,22.1527392864227,21.9341194629669,23.8313743985933
1960,summer,28.8747019873725,27.1271009975009,30.0751459333632,31.2059290144179,23.1614949305852,22.7040408452352,23.7724252605804
1961,summer,28.8866120656331,26.995125134786,30.3207665019565,31.5870583852132,22.3148744901021,22.3299134969711,23.7452787275059
1962,summer,28.7011398739285,27.3450597127279,30.3254108958774,31.287903573778,22.76571448644,22.8137615521749,24.0833395376973
1963,summer,28.9764502631293,26.9741281403436,29.6528147591485,31.7438429726495,22.866667787234,22.5977603991826,24.0223213941201
1964,summer,28.6259911431207,27.1339741812812,30.1631735165914,31.5469290415446,22.3657662471135,21.9748805761337,23.501313534733
1965,summer,28.8066631317139,27.4908958805932,30.0428583886888,31.4038110309177,23.1259031693141,23.0813552935918,23.6812476819503
1966,summer,28.6774452633328,27.0786479049259,29.3791279792786,30.9138022528754,22.6999047994614,22.4087279637655,23.4786114674418
1967,summer,28.5945105658637,27.2319557401869,30.0031293763055,31.1126742892795,21.8884236415227,22.247566819191,23.61375121778
1968,summer,28.7897458818224,27.2928732766046,30.5998501777649,31.6919363869561,22.1145784457525,21.7290403842926,23.0958437718651
1969,summer,28.9858904944526,27.1480701234606,30.1024874051412,31.7311664157444,22.5136656363805,22.4349607229233,23.4644873096568
1970,summer,28.3860702090793,27.0392771032121,29.5924945937263,30.9219251208835,22.5636004209518,22.4264026880264,23.6104361143149
1971,summer,28.8397305382623,27.69565182262,30.0409542189704,31.0802450180054,22.9355709155401,23.7009824514389,23.4345873397886
1972,summer,28.6938750796848,27.1730904049344,29.6505780220032,31.1955734888712,22.4678931236267,21.7939133644104,23.3785162447056
1973,summer,28.6440499623617,27.3510984314813,30.6126483811273,31.5374854405721,21.9381776650747,21.6794040997823,23.0024892653542
1974,summer,28.3034661610921,27.0110632048713,29.3491593466865,30.9733697043525,22.9161916971207,23.1459293365479,23.3806878013172
1975,summer,28.6565360175239,27.2880564530691,29.5078883171082,30.9100104437934,21.9586209456126,21.5988610982895,23.211541917589
1976,summer,28.5204217274984,27.2712614801195,30.0025220447117,30.9203650156657,21.9419191678365,22.4764664570491,23.2954254954254
1977,summer,28.5038365681966,26.9158656597138,29.6541985405816,30.9467695024279,21.0459053119024,21.4946374495824,22.8869077602109
1978,summer,28.6921598222521,27.2199059592353,29.9470631811354,31.596641752455,22.1426102717718,22.5648385286331,23.7635764637213
1979,summer,28.926331753201,27.246651119656,30.2742759916517,31.3143683539497,21.7256300449371,22.0431073506673,22.8357677167403
1980,summer,28.7233969370524,27.30090075069,29.7848866780599,30.9248078664144,22.1128658056259,22.1338926156362,23.27378634018
1981,summer,29.0362677680122,27.6841421922048,29.5952724880642,31.0277633666992,21.2862120072047,21.9699446757634,23.881405943655
1982,summer,28.9210628085666,28.4248600535923,29.6057037247552,30.9397160212199,22.3507353464762,22.4280736446381,23.5866689645468
1983,summer,28.2359541998969,26.8550947242313,29.2123167249892,30.3375723097059,20.6452524264654,21.5405009587606,22.7179409480186
1984,summer,28.3226614210341,26.8914277818468,29.8751592636108,31.3076539569431,22.062597990036,21.7398807605108,23.5372526234594
1985,summer,28.7105499691433,27.1875303056505,29.4437223010593,31.1557018491957,22.6661115090052,22.6601282755534,23.8530587455779
1986,summer,29.2480142381456,27.7383757432302,29.9190434879727,31.6802447636922,22.8559146722158,22.0155450900396,23.5197979864946
1987,summer,29.3262563917372,27.655345386929,30.2099848853217,31.806516011556,22.4549020131429,22.984098315239,24.2087826125923
1988,summer,28.6571899414062,27.1879591412014,29.6016262372335,31.142554918925,22.6094499826431,22.2819214264552,23.6104620425637
1989,summer,28.6694775051541,27.2380729251438,29.8095953199599,31.3992260826959,21.4727457761765,21.8229705492655,23.5501168349694
1990,summer,28.2798696729872,27.414283964369,29.217213789622,30.4192856682672,22.4497767686844,22.2120575904846,23.1838306120072
1991,summer,29.0419242858887,27.5428110758463,29.7007762591044,30.8600896199544,21.9466890096665,21.9448625246684,23.5125980596433
1992,summer,29.3003744761149,27.4324323866103,29.9110352198283,31.6690489451091,23.2701328595479,22.0173302094142,23.6554002140674
1993,summer,28.7182287851969,26.9874931441413,30.0873472425673,31.4948268466526,23.4736205736796,22.3404601812363,24.1757593264525
1994,summer,29.0293117947049,27.7824205822415,30.4774211247762,31.5628129111396,23.8937132755915,23.3687038421631,24.1236386353942
1995,summer,28.5018186781142,27.1642710897658,29.8861124250624,31.6607502831353,24.4204485416412,23.0586336453756,23.7432133100955
1996,summer,29.1354515923394,28.0862474441528,30.2526987923516,31.276167233785,23.3117983341217,22.8997505108516,23.8714461125633
1997,summer,29.4209437476264,27.8652260038588,30.376703315311,31.7953414916992,24.2930459976196,23.047244032224,24.2296549625324
1998,summer,28.8095760345459,27.122283273273,30.3912766774496,32.0607857174344,25.0366775194804,24.305353363355,24.6529918173721
1999,summer,28.9326371510824,27.1403845416175,30.3632371690538,31.9507764180501,23.327856818835,22.4244611660639,24.0427472563996
2000,summer,28.9652219984267,27.1426641676161,30.7556806670295,32.2557972802056,24.0586490233739,23.4001626571019,24.2515875498454
2001,summer,28.9023625267877,27.4284449683295,30.3805431260003,31.6948639551799,24.2607443730036,23.9152363141378,24.1953958167884
2002,summer,29.6095908270942,27.7103878392114,30.4771596590678,32.013371679518,24.0399393637975,23.238222638766,25.4212162631682
2003,summer,28.931379614936,27.2815573745304,29.9275030030145,31.5705088509454,23.7827998399735,23.0437470674515,23.9488427684682
2004,summer,29.196621661716,27.7683805624644,30.046233177185,31.9201002120972,23.9424284696579,23.334924141566,24.1626602625938
2005,summer,29.1877906375461,27.5797098477682,30.4571688440111,31.9310679965549,23.6733090877533,22.9551176627477,24.6093649809388
2006,summer,29.4034166971842,27.8599574036068,30.4344629711575,31.6626299752129,23.8519682884216,23.5068940718969,24.3199526030442
2007,summer,28.9708075205485,27.3239599863688,30.1309057871501,31.4469270706177,24.2833278179169,23.9040111700694,24.4999437734085
2008,summer,29.4263691796197,27.9916705290476,30.3965450922648,32.2257900238037,24.1144607067108,23.6941169102987,24.7770997263006
2009,summer,29.5573279910617,27.7993233733707,30.5045255025228,32.2525759802924,25.5809784730276,24.6417028109233,24.6443237947778
2010,summer,29.3910394032796,27.4082676569621,30.1124097506205,31.8933978610569,25.0708787441254,23.9865190585454,24.6289521871399
2011,summer,28.9251344468859,27.9404678874546,30.4234969880846,31.8903809653388,25.748924612999,24.5610051552455,25.4191917843289
2012,summer,28.8380365583632,26.8996829986572,29.933362060123,31.3070617251926,23.8143448432287,23.7101911306381,24.4585355780591
2013,summer,29.3325225406223,27.5650723775228,30.1906739340888,31.8087343639798,24.2551856835683,23.8855837583542,24.5661290340497
2014,summer,29.4131947411431,28.1230346891615,30.0905641449822,31.7259414460924,25.421892007192,23.6504743496577,25.1824766283291
2015,summer,29.6771769205729,27.3057896826002,30.8193934228685,32.364254951477,25.4642302592595,24.4720518191655,24.6603428413128
2016,summer,29.8095102945964,27.9367436832852,30.8585903909471,32.5605732599894,24.4556290705999,23.8246471087138,25.142558744584
2017,summer,29.1149958292643,27.5681177245246,30.7244923379686,32.2005482779609,24.9396117925644,24.6103653907776,25.470711360946
2018,summer,29.571240234375,28.3259584638808,30.8338352309333,32.0591761271159,25.4891084829966,23.8131022453308,25.0023854719725
2019,summer,29.850116941664,28.0764995416006,30.5388578308953,32.0071937772963,24.9215816656749,23.761288245519,24.8695630040662
2020,summer,29.4038092719184,27.5094422499339,30.6470988591512,32.2344914542304,24.8883297840754,23.9988389809926,25.1915078291034
2021,summer,29.4738650004069,27.2277832561069,30.1812747849359,32.1703655454848,24.5435183842977,23.1989633639654,25.5117105798246
2022,summer,29.6793086157905,28.1532186667124,31.174555460612,32.7723202175564,24.6112849712372,23.9548418521881,25.3515292200549
2023,summer,29.9197204165989,28.1002914640639,30.7826635572645,32.6693322923448,25.8520698944728,25.4911002715429,25.8907883450446
1891,autumn,26.9031513637967,26.2515056663089,29.2411149872674,29.6782851748996,17.0250466664632,17.784983197848,21.717492231464
1892,autumn,26.8125439537896,26.2602892981635,29.1672645144992,29.4946165084839,15.6573247909546,17.2764781713486,21.7711252270987
1893,autumn,26.791804462009,26.4655273490482,29.1839430597093,29.4961062537299,15.3137431840102,17.6178024609884,21.6068548224438
1894,autumn,27.1733498043484,26.8176736566756,28.9117684364319,29.396380742391,17.0288789272308,16.9291133085887,21.6114213183465
1895,autumn,27.4114635043674,26.9065579308404,29.6528361108568,29.4314045376248,16.9345024824142,18.8267497420311,21.5322718273177
1896,autumn,27.2956506941054,26.9560976823171,29.1657727029589,29.5090396669176,17.4145640830199,18.1539630889892,21.2419583148883
1897,autumn,27.0133435991075,26.5460257000393,28.7395526568095,29.1776694191827,16.7045219739278,17.7040898601214,21.6324840121799
1898,autumn,27.0354107326932,26.4205388228099,29.2739526430766,29.7289594014486,15.7471619049708,16.6374257008235,21.560241395943
1899,autumn,27.3750156826443,26.7942518128289,28.8769678009881,29.4233628378974,17.6338923374812,18.9945695201556,22.156989594529
1900,autumn,26.4920810275608,26.4044349193573,29.3182724316915,29.3447258207533,16.5506382783254,17.7109567125638,21.2256694589081
1901,autumn,27.6879441155328,26.7828893661499,28.8910409079658,29.6146481831868,17.7772159576416,18.2495285272598,21.4299396865669
1902,autumn,27.352246899075,26.4369192388323,28.3366259998745,28.7728652954102,16.4736284613609,16.967357258002,20.9122507161108
1903,autumn,26.97580142551,26.5150628354814,28.6617068184747,29.0781861411201,16.7440423965454,17.3820703029633,20.7741415564585
1904,autumn,26.9911143408881,26.8897823757596,29.4601720703973,29.2695945103963,17.892997721831,18.749117453893,21.2602539318275
1905,autumn,27.9136797587077,26.375348938836,29.182504494985,30.0864610671997,16.1131174564362,16.5979211727778,20.8956035051309
1906,autumn,26.8344164530436,26.5643996662564,28.965739303165,28.9733619689941,17.3513139287631,16.5106508731842,21.085626836024
1907,autumn,27.0310703277588,26.9159096611871,29.121318605211,29.7625815073649,17.3638763626417,16.9706135789553,20.8787938589337
1908,autumn,27.041735458374,26.6925223668416,28.9568528599209,29.2292112774319,17.9752650856972,18.9461520910263,21.5074467129177
1909,autumn,26.678349855211,26.5889358785417,29.329951233334,29.3270396126641,17.176729798317,17.6222218871117,20.7373282480057
1910,autumn,26.6572888268365,26.5093501673804,28.9130606651306,29.4938127729628,17.4922379652659,17.6545135378837,21.5766213917641
1911,autumn,27.1080784691705,26.653753625022,29.008625348409,29.4016500049168,16.5325506726901,17.4925874272982,20.3985251064958
1912,autumn,27.2324359893799,26.6843896971809,29.0581623183356,29.3252029418946,16.8274343411128,17.8617084821065,21.54808683505
1913,autumn,27.8612587822808,27.1690701113807,29.0211256345113,28.7990100648668,15.920653094848,15.7034813165665,20.2364290244735
1914,autumn,27.1173829820421,27.1619638601939,29.4692727724711,29.2733917236328,15.9393593470256,16.0882944663366,20.5027553076032
1915,autumn,27.0533087412516,26.1899617248111,29.1893088022868,29.7954057057699,17.4518760045369,17.2790661652883,21.0603592971276
1916,autumn,27.2004666646322,26.6030485100216,28.9742673238119,29.2771365907457,17.2406360507011,16.0962461630503,20.9507263373598
1917,autumn,26.4395828670926,27.1121872266134,28.9583286179437,28.819909731547,18.040201663971,18.6783873041471,21.3895262246844
1918,autumn,27.0090819040934,26.6698989603255,29.3251465691461,29.6495774586996,17.6903604269028,17.4274202386538,20.9532404895943
1919,autumn,27.3593577067057,26.7467408710056,28.9467395676507,29.3010803858439,15.5915025870005,16.5096817016602,21.0934458217402
1920,autumn,27.0290646447076,26.3680397934384,29.2797924677531,29.6122907002767,16.9391011695067,17.1170266668002,21.3596301097066
1921,autumn,26.946197382609,26.4488722483317,29.4063257641262,29.4790913263957,16.5935509999593,17.3703646858533,21.0377971459166
1922,autumn,26.6364107343886,26.9516786469354,29.1119997766283,29.0935661527845,18.2675511638324,18.2780480782191,21.5210463790601
1923,autumn,27.0428908454047,26.6398579544491,29.5457777447171,29.922425058153,17.8570489088694,18.5446339845657,21.8877326044543
1924,autumn,26.7265268961589,27.0990433163113,29.3024672402276,29.1477068795098,17.6456561088562,18.7413197755814,21.5184894357148
1925,autumn,27.3485285864936,26.81776799096,28.8341840108236,29.3919690450032,17.2367519537608,17.4679552316666,21.9731731597491
1926,autumn,26.946294148763,26.5928313467238,29.4948895772298,29.7497683631049,17.4802427689234,18.2605257630348,21.5899482960902
1927,autumn,27.2481511857775,26.8108021948073,29.3655925856696,29.9417809380426,17.1572847962379,18.0300210316976,21.8170834281892
1928,autumn,27.0269923316108,26.8883613215552,29.2333255873786,29.6072237226698,18.0473137895266,18.2018340826035,21.4234284185359
1929,autumn,27.0626241048177,27.0448236200545,29.5357702043322,29.5811454984877,18.1103121638298,18.0979719559352,21.4644688865691
1930,autumn,27.1067649841309,26.7359827889337,29.8529341485765,29.7596724828084,16.2007112205029,16.8227287133535,21.0255074702003
1931,autumn,27.5028725941976,26.9772466553582,29.5936608844333,29.904860496521,18.3675746321678,18.8767743905385,22.3187071299644
1932,autumn,26.9735480414497,26.358142985238,28.6700988875495,29.3376992543539,16.7672798633575,17.4969169298808,21.386549270016
1933,autumn,27.1889548831516,26.9613922172123,29.5342666837904,29.5591400994195,17.7614877621333,18.7812991539637,21.7054565035064
1934,autumn,26.9771667480469,26.9483312765757,29.4500169754028,29.7627292209201,18.1039601167043,18.7177459994952,21.8273820767457
1935,autumn,27.3972794850667,27.0993335511949,29.703685230679,29.7993212805854,17.7244846224785,18.2243975599607,21.1640156201476
1936,autumn,27.5895217047797,27.1534400780996,29.800198925866,30.1911970774333,17.1084962586562,18.8745759924253,21.9173560124248
1937,autumn,27.1613166385227,26.8199829790327,29.5408860842387,29.882735464308,16.5242053667704,18.286493619283,21.7326144404795
1938,autumn,27.4380011240641,27.363936079873,30.1490983963013,30.2718375523885,17.169439047575,18.2290530800819,22.1150415537458
1939,autumn,27.5269209543864,27.727739599016,29.6876926951938,29.717766655816,18.5693838993708,17.9131008783976,21.5097110572903
1940,autumn,28.4393084208171,28.3276938597362,29.8747722307841,29.9487459394667,15.6482292612394,16.6576538880666,20.846173721255
1941,autumn,28.0803565979004,27.2165404955546,29.5119214057922,30.1450512144301,15.8734995722771,16.604385693868,21.7590967960285
1942,autumn,27.456866200765,26.8637895054287,30.0012055502997,30.132329305013,16.9714181919893,17.7284768819809,22.1588631662829
1943,autumn,27.2772106170654,27.4123015138838,29.4805817074246,29.4871329201592,16.2707210679849,17.2906469106674,21.3414929232835
1944,autumn,27.5427268981934,27.2182206842634,29.5779560936822,29.8290345933702,15.8003039459387,17.0074471831322,21.3789818058526
1945,autumn,27.3912203470866,26.8953628804949,29.6784189542135,30.075332959493,17.4059077501297,18.706439336141,22.2462265299655
1946,autumn,26.9996571858724,26.6567429436578,29.2536269293891,29.7311934365167,17.103380938371,17.5485826333364,21.8746148105782
1947,autumn,27.2556894090441,26.7471130424076,28.7682007683648,29.3279622395833,16.8143604000409,16.7978409727415,21.4696301427381
1948,autumn,27.2340443929036,26.6901846196916,28.7446825239393,28.7083764606052,15.1761765877406,16.2782129645348,21.1504011263792
1949,autumn,27.1254766252306,26.7282321453095,29.5560604201423,29.6504565344917,16.890442609787,17.8244192997615,21.7202525814831
1950,autumn,27.6339149051242,27.6469846831428,29.673376083374,29.385071542528,16.1803707778454,17.1179820696513,21.2271240607075
1951,autumn,27.2699283175998,26.8944150606791,30.1905681822035,30.0363932715522,17.4529232382774,18.1165814002355,21.8980683147679
1952,autumn,27.6124370998806,27.1427423689101,29.9007301330566,29.8573811848958,17.0217480262121,17.2026778459549,21.7965436365413
1953,autumn,27.3001688215468,26.6268671618568,29.6041085984972,29.7997944090101,17.8152051568031,18.2327900528908,21.440132448043
1954,autumn,27.3799340142144,26.738062037362,29.5194199350145,29.8781399197049,17.139076312383,18.665568669637,21.7747264876676
1955,autumn,27.0723826090495,27.0176034768422,29.7024696667989,29.3318156136407,16.4463106195132,16.1667604446411,21.2044822283632
1956,autumn,27.6007103814019,27.1850720246633,29.9931948449877,30.5467846128676,17.8659478028615,18.6329813798269,21.7282151627815
1957,autumn,27.3308386484782,26.8937828010983,29.3106708526611,29.7530136108398,16.5644127329191,17.4381383061409,21.6558075718496
1958,autumn,27.2013177659776,26.8229445616404,28.8044117821588,28.9460059271918,15.0162036418915,15.9592635035515,20.7405020468993
1959,autumn,27.6402983347575,27.1454318099552,29.7469062805176,30.0015666749742,17.4267593026161,18.3581129312515,21.9188938652419
1960,autumn,27.4088010999891,26.9168284999,28.8979939354791,28.8981907102797,16.9288081725438,17.3006613850594,21.5992517069382
1961,autumn,27.617857615153,27.2431165642209,29.5849439832899,29.9853031370375,17.1167385180791,18.3761155605316,22.2610809866953
1962,autumn,27.7524564107259,27.5276539060805,30.2977082994249,30.0972049501207,17.5130041042964,18.0907750924428,21.8085547407011
1963,autumn,27.5050772772895,26.7609783543481,29.1139067543878,29.7111415863037,16.5924145181974,17.6486563881238,21.432316411044
1964,autumn,28.0278382619222,27.6154548062219,29.5712995529175,29.7240674760607,16.8383360505104,17.4138507246971,21.3908657534369
1965,autumn,27.6286336263021,27.4194323221842,29.6775789790683,30.0939659542508,18.1133172710737,19.0590120355288,22.1253304719011
1966,autumn,27.6891865624322,27.1554459200965,29.5104632907444,29.8603115081787,17.643476208051,18.6841607292493,22.1030969363976
1967,autumn,27.734689924452,27.5087298817105,29.1006564034356,29.7407372792562,17.0997954010964,17.9882014989853,21.5592645155516
1968,autumn,27.8569474114312,27.5641751024458,30.1393006112841,30.1587562561035,17.1497467954954,17.44008431832,21.4276141353037
1969,autumn,27.6043873257107,27.186105966568,29.4971341556973,29.9488294389513,16.5840552647909,17.0138313571612,21.3068571821483
1970,autumn,27.1835552639431,27.0653819508023,29.604842821757,29.6968728171455,16.9022736052672,17.1706102490425,20.9823210266815
1971,autumn,27.8357794443766,27.9405876265632,29.9364525477092,29.729939142863,16.1076817711194,17.469789048036,20.6106775912289
1972,autumn,27.4195959726969,27.3334338135189,29.5512353579203,29.8694184621175,16.2977249224981,16.6179545720418,21.1591684041809
1973,autumn,27.3731466081408,27.2629173066881,29.3448162608677,29.7800707287259,17.4785278439522,18.6740681131681,21.1187715713092
1974,autumn,27.2092501746284,26.8435764047835,29.0931904051039,29.282390276591,16.3210819065571,17.6593725879987,21.41997720638
1975,autumn,27.7476315392388,27.0940546989441,29.2337905565898,29.4206864039103,15.7480558753014,17.1192574898402,20.8846419286911
1976,autumn,28.2083887312147,27.32843430837,29.0368786387973,29.6479172176785,15.7461540798346,16.6567580898603,20.9677346218591
1977,autumn,27.461802927653,27.4063156710731,28.8920868767632,29.2858753204346,16.3872716228167,17.0822640856107,20.7477468439446
1978,autumn,28.0495709737142,27.2565868165758,29.860521475474,30.5436789194743,16.7153674761454,17.4646813472112,21.0152884041213
1979,autumn,27.9623783535428,27.448673804601,29.6358002026876,29.8074316448635,15.855072726806,17.0051471392314,21.3428484927649
1980,autumn,27.7252258724637,27.403604692883,29.5675423940023,29.996938917372,17.1881574392319,17.9780405163765,21.4358640210382
1981,autumn,28.0955879635281,27.8198049068451,29.1810104582045,29.6470019022624,16.6352649728457,18.1537996530533,21.7219723595513
1982,autumn,27.8391172620985,27.3709208170573,29.0573948224386,29.5802807278103,16.8458375533422,17.4080638885498,21.1731479359769
1983,autumn,27.0605696784126,27.0911361906264,28.9904479980469,29.2074361377292,16.4406359791756,18.377442240715,21.3406988523929
1984,autumn,27.5367327372233,27.4059836864471,29.1960985395643,29.3883810043335,15.9421163598696,16.299159626166,21.2150732968502
1985,autumn,27.517817264133,27.4101110564338,29.6219341490004,30.1656540764703,16.047912846009,17.0329543550809,21.4617300398962
1986,autumn,28.1464189741347,28.0827422406938,29.6025389565362,30.1275168524848,15.8862191736698,16.5623238484065,21.7828463302262
1987,autumn,28.357175148858,27.4117540783352,29.6383953624301,30.2633721033732,15.6392228106658,16.4403017759323,21.285176017732
1988,autumn,27.9151326073541,27.5861300097571,29.4431098302206,29.8045313093397,16.5701116820176,17.4140365918477,21.1505428657678
1989,autumn,27.8682538350423,27.5199607213338,29.5493955612183,29.8123706181844,15.9857333799203,17.0274297992388,21.5744094446701
1990,autumn,27.3012952592638,27.2231364250183,28.7771138615079,29.3209408654107,16.6712306936582,17.2218895554542,21.3311104865823
1991,autumn,27.9912038167318,27.3182130124834,29.6018212106493,29.8041234546238,16.4444890817007,16.8017440835635,21.4022348118925
1992,autumn,27.8041388617622,27.3800352679359,29.738852818807,30.0070436265734,16.5208528737227,17.2998665372531,21.3709875523359
1993,autumn,27.9789026896159,27.2292771604326,29.6562666363186,30.4438115225898,18.0951495170593,18.7523734370867,22.2001781829016
1994,autumn,27.9603774176704,27.6172665490044,29.7478938632541,29.8757933510674,17.2952409088612,17.3181642691294,21.1449375335284
1995,autumn,27.1530726538764,26.8545963499281,29.4472627109951,29.6079049640232,17.0534619490306,17.4721207022667,20.7476410701357
1996,autumn,28.2338898552789,28.1983562575446,29.7516913943821,30.0420724021064,16.6469173431396,16.7993186910947,21.2749239165208
1997,autumn,28.248372607761,27.5655707783169,30.3605709075928,31.1141907374064,17.5005605419477,18.1609916090965,21.5876710752875
1998,autumn,27.990532345242,27.5675930711958,30.4337379667494,30.156725247701,16.5948895712693,17.967783510685,22.3872469430682
1999,autumn,28.1803132375081,27.6127174695333,29.6719739702013,29.8556048075358,17.4984827041626,17.9401393731435,21.7345520472618
2000,autumn,28.359598965115,27.5076393551297,30.0263874795702,30.458966255188,17.2739940285683,18.0331836740176,22.034786721299
2001,autumn,27.9341084374322,28.1971689595117,30.2630988756816,29.9568613900079,18.3898935317993,19.1357111930847,21.817543570566
2002,autumn,27.9529862297906,27.5533590316773,29.8757039705912,30.2080950207181,17.3418064514796,17.9829306999842,21.8869353802268
2003,autumn,27.9398584153917,27.6049788792928,29.5609368748135,30.1582975387573,17.9088740150134,18.6539482275645,22.2430809539853
2004,autumn,27.9275186326769,27.6756127940284,29.6168366008335,29.6989085939195,17.2289685805639,17.3022619883219,21.7206131690307
2005,autumn,28.2851648118761,27.891696188185,30.0063930617438,30.0861233605279,18.2096840540568,18.2948602040609,22.0960988706099
2006,autumn,28.228158738878,27.6068419880337,29.6596309873793,30.1726270251804,17.2497005164623,18.9475562771161,21.8409862993321
2007,autumn,27.8586487664117,27.4939793215858,29.8758854866028,30.0454909006755,17.9241438706716,18.4727041522662,21.9512718317609
2008,autumn,28.3696224212646,27.9927389621735,29.8757217725118,30.2899385028415,17.9225806792577,18.3707097570101,22.0774115931485
2009,autumn,28.2435733371311,27.5853248437246,30.8931759198507,31.0804755952623,18.7366463939349,18.9174686074257,21.9729457650605
2010,autumn,28.4515430874295,27.4369190798866,29.4675206608243,30.1292075051202,18.3435402909915,18.4466780424118,22.422935814693
2011,autumn,28.3667273203532,28.0080053276486,30.1734042167664,30.614480442471,19.6477545301119,20.101601878802,23.0128524020257
2012,autumn,28.1940957811144,27.8688739935557,29.7374308904012,29.9765680101183,17.6041964292526,17.8355643153191,22.230388564625
2013,autumn,28.2773032294379,27.881662024392,29.6834915479024,30.2733538945516,18.3538072903951,18.5259802142779,22.8152112851198
2014,autumn,28.7914318084717,28.681375530031,30.6442166964213,30.6017897923788,18.6523425976435,19.4250952204069,22.8253233314017
2015,autumn,28.1359333462185,27.5358199808333,30.3147759437561,30.7874214384291,18.5782914161682,18.4250259399414,22.6376544798928
2016,autumn,28.6522495693631,28.2944979932573,30.5842883321974,30.5947122573853,18.6311613321304,18.5074328581492,22.1043519571823
2017,autumn,28.4218402862549,27.798989560869,30.1611548529731,30.4481146070692,18.4698771437009,18.9249320228895,22.7446007819925
2018,autumn,28.5941964467366,28.0290761523777,30.4811918470595,30.8049461576674,19.040654540062,19.1530916492144,22.9327553825817
2019,autumn,28.5359229193793,27.6899398962657,30.6089512507121,30.8931326336331,19.4610155026118,20.509110212326,23.0594177136476
2020,autumn,28.3476416269938,27.783309035831,30.0069102181329,30.3779027726915,18.6944149136543,18.3654808203379,22.4692125758906
2021,autumn,28.4640934838189,27.5505587789747,30.3295562532213,30.9013437694974,18.7987575133641,18.8178457816442,22.8974020837367
2022,autumn,29.1470806545681,28.5396531422933,30.9810276561313,31.1375401814779,19.1992869178454,19.9854435125987,23.4269318014269
2023,autumn,28.9630078633626,28.035373740726,30.5288554827372,31.1801655027602,19.259433110555,19.7182543277741,23.1264804642776
